City_ID,City,Lat,Lng,Max Temp,Humidity,Cloudiness,Wind Speed,Country,Date
0,bandarbeyla,9.4942,50.8122,28.59,76,73,3.44,SO,1715222793
1,fort mcmurray,56.7268,-111.381,18.77,29,0,4.63,CA,1715222716
2,quellon,-43.1167,-73.6167,8.05,88,100,1.7,CL,1715222697
3,jinghong,21.991,100.7341,30.92,45,64,1.66,CN,1715222793
4,acapulco de juarez,16.8634,-99.8901,25.9,83,75,4.12,MX,1715222776
5,nova sintra,14.8667,-24.7167,24.1,76,16,9.11,CV,1715222794
6,yellowknife,62.456,-114.3525,12.45,55,75,4.12,CA,1715222507
7,novodvinsk,64.4165,40.8122,-2.34,59,100,6.47,RU,1715222794
8,wailua homesteads,22.0669,-159.378,29.24,85,100,5.14,US,1715222794
9,kodiak,57.79,-152.4072,3.73,60,100,6.17,US,1715222795
10,adamstown,-25.066,-130.1015,21.89,77,58,1.89,PN,1715222795
11,rongelap,11.1635,166.8941,27.15,75,78,8.77,MH,1715222625
12,illela,13.7292,5.2975,32.46,26,100,2.21,NG,1715222795
13,grytviken,-54.2811,-36.5092,-3.66,72,12,3.41,GS,1715222795
14,ushuaia,-54.8,-68.3,-0.19,86,0,2.06,AR,1715222795
15,rocha,-34.4833,-54.3333,13.09,65,84,7.27,UY,1715222796
16,chonchi,-42.6128,-73.8092,8.56,93,98,1.43,CL,1715222557
17,afaahiti,-17.75,-149.2833,27.93,83,77,8.41,PF,1715222796
18,pemangkat,1.1667,108.9667,27.19,80,99,2.46,ID,1715222796
19,blairgowrie,56.5916,-3.3405,11.68,94,100,0.89,GB,1715222796
20,puerto natales,-51.7236,-72.4875,-0.65,99,100,1.21,CL,1715222797
21,aswan,24.0934,32.907,22.61,16,0,0.0,EG,1715222797
22,vorgashor,67.5833,63.95,-6.22,85,100,7.78,RU,1715222517
23,port-aux-francais,-49.35,70.2167,4.67,90,100,10.05,TF,1715222797
24,yasothon,15.75,104.1333,35.02,44,75,4.19,TH,1715222797
25,bethel,41.3712,-73.414,22.23,60,0,9.26,US,1715222797
26,albany,42.6001,-73.9662,15.93,70,47,0.89,US,1715222798
27,udachny,66.4167,112.4,-6.97,89,82,6.46,RU,1715222505
28,jamestown,42.097,-79.2353,13.8,82,0,3.6,US,1715222544
29,waddan,29.1614,16.139,17.9,71,1,5.9,LY,1715222798
30,tiksi,71.6872,128.8694,-2.51,84,79,2.6,RU,1715222528
31,gebeit,21.0667,36.3167,20.66,30,0,2.11,SD,1715222798
32,aliwal north,-30.6937,26.7114,13.28,40,3,1.29,ZA,1715222710
33,lazaro cardenas,17.9583,-102.2,24.09,80,67,2.05,MX,1715222793
34,sakaiminato,35.55,133.2333,15.99,48,20,3.6,JP,1715222799
35,azna,33.6095,48.9307,9.84,63,1,1.37,IR,1715222799
36,lihue,21.9789,-159.3672,29.58,82,100,5.14,US,1715222799
37,bredasdorp,-34.5322,20.0403,11.08,90,0,1.56,ZA,1715222799
38,porto novo,6.4965,2.6036,27.9,80,100,0.91,BJ,1715222800
39,invercargill,-46.4,168.35,9.45,66,33,3.13,NZ,1715222777
40,birobidzhan,48.8,132.95,14.9,18,1,8.94,RU,1715222800
41,olonkinbyen,70.9221,-8.7187,-2.6,93,100,15.23,SJ,1715222800
42,thompson,55.7435,-97.8558,12.09,47,75,1.03,CA,1715222533
43,isafjordur,66.0755,-23.124,0.37,78,14,5.91,IS,1715222800
44,nemuro,43.3236,145.575,3.61,75,65,3.97,JP,1715222801
45,selfoss,63.9331,-20.9971,2.6,74,18,1.99,IS,1715222801
46,kalevala,65.2,31.1667,-7.03,98,100,1.44,RU,1715222801
47,akureyri,65.6835,-18.0878,2.96,65,0,1.54,IS,1715222801
48,dire dawa,9.5931,41.8661,21.74,76,82,2.0,ET,1715222801
49,arvayheer,46.2639,102.775,13.7,36,17,9.62,MN,1715222802
50,san rafael,-34.6177,-68.3301,7.89,37,0,4.23,AR,1715222802
51,kasama,-10.2129,31.1808,13.15,97,44,1.62,ZM,1715222802
52,luderitz,-26.6481,15.1594,15.03,78,0,6.45,NA,1715222802
53,horta,38.5333,-28.6333,16.12,86,87,2.24,PT,1715222574
54,dogonbadan,30.3586,50.7981,14.05,51,0,0.0,IR,1715222802
55,stanley,54.868,-1.6985,10.71,89,0,1.54,GB,1715222803
56,uturoa,-16.7333,-151.4333,27.78,76,100,4.96,PF,1715222803
57,pacific grove,36.6177,-121.9166,21.82,64,0,3.13,US,1715222761
58,ust-nera,64.5667,143.2,5.02,64,83,2.45,RU,1715222587
59,tura,25.5198,90.2201,30.07,41,8,1.21,IN,1715222804
60,naze,28.3667,129.4833,20.51,56,4,7.49,JP,1715222804
61,amontada,-3.3617,-39.8317,24.12,91,97,1.65,BR,1715222804
62,katsuura,35.1333,140.3,13.18,72,94,9.12,JP,1715222804
63,pisco,-13.7,-76.2167,19.45,88,7,1.54,PE,1715222804
64,puerto baquerizo moreno,-0.9,-89.6,22.96,88,100,4.14,EC,1715222805
65,mejit,10.2753,170.8646,27.61,82,79,8.83,MH,1715222563
66,ngama,11.7833,17.1667,30.7,13,34,2.68,TD,1715222805
67,port blair,11.6667,92.75,33.02,66,20,3.6,IN,1715222805
68,vilyuchinsk,52.9306,158.4028,10.15,76,96,6.01,RU,1715222805
69,mugia,43.1041,-9.2179,12.17,72,100,0.78,ES,1715222805
70,badger,64.8,-147.5333,15.14,37,75,4.63,US,1715222522
71,waitangi,-43.9535,-176.5597,11.57,81,100,1.34,NZ,1715222806
72,mawu,29.5923,107.3139,21.8,67,100,1.25,CN,1715222549
73,northam,51.0333,-4.2167,10.22,92,67,2.47,GB,1715222806
74,aleg,17.0481,-13.9209,32.66,10,50,5.28,MR,1715222807
75,forest,37.3638,-79.2897,22.16,79,0,1.54,US,1715222524
76,yarkovo,57.4028,67.0786,13.92,61,100,7.14,RU,1715222807
77,canmore,51.0834,-115.3521,13.71,88,99,1.03,CA,1715222807
78,longyearbyen,78.2186,15.6401,0.91,60,20,6.69,SJ,1715222722
79,salinopolis,-0.6136,-47.3561,26.25,88,69,3.06,BR,1715222807
80,hadibu,12.65,54.0333,28.8,71,8,1.48,YE,1715222808
81,dalandzadgad,43.5708,104.425,22.32,20,100,6.22,MN,1715222808
82,blackmans bay,-43.0167,147.3167,14.85,88,90,0.89,AU,1715222784
83,libreville,0.3925,9.4537,25.01,94,20,2.06,GA,1715222808
84,badiyah,22.45,58.8,31.21,54,0,3.82,OM,1715222808
85,edinburgh of the seven seas,-37.0676,-12.3116,14.42,64,100,11.66,SH,1715222808
86,freeport,40.6576,-73.5832,26.2,51,0,5.14,US,1715222673
87,alice springs,-23.7,133.8833,22.75,43,0,5.66,AU,1715222809
88,san antonio de pale,-1.4014,5.6325,26.87,88,13,4.9,GQ,1715222809
89,huilong,31.8111,121.655,19.18,52,100,4.59,CN,1715222809
90,mao,39.8885,4.2658,16.31,82,0,4.12,ES,1715222809
91,tlanchinol,20.9833,-98.65,21.2,67,100,6.85,MX,1715222593
92,coquimbo,-29.9533,-71.3436,12.85,87,0,2.06,CL,1715222633
93,hermanus,-34.4187,19.2345,13.28,80,0,1.21,ZA,1715222810
94,talnakh,69.4865,88.3972,-4.9,77,42,0.37,RU,1715222810
95,cannonvale,-20.2833,148.7,25.33,69,99,7.51,AU,1715222810
96,margaret river,-33.95,115.0667,20.97,39,100,7.45,AU,1715222747
97,port elizabeth,-33.918,25.5701,17.95,82,75,3.09,ZA,1715222810
98,ribeira grande,38.5167,-28.7,16.54,87,85,1.34,PT,1715222521
99,hithadhoo,-0.6,73.0833,29.01,77,95,5.94,MV,1715222545
100,iqaluit,63.7506,-68.5145,-4.15,86,75,5.66,CA,1715222811
101,papatowai,-46.5619,169.4708,8.47,57,25,4.23,NZ,1715222762
102,tukrah,32.5341,20.5791,18.3,59,28,4.58,LY,1715222811
103,petropavlovsk-kamchatsky,53.0452,158.6483,9.33,67,75,9.0,RU,1715222550
104,lompoc,34.6391,-120.4579,17.66,77,0,4.12,US,1715222811
105,qaqortoq,60.7167,-46.0333,0.69,86,100,1.9,GL,1715222785
106,san patricio,28.017,-97.5169,27.97,88,92,5.02,US,1715222559
107,west island,-12.1568,96.8225,27.99,74,40,6.69,CC,1715222812
108,lebu,-37.6167,-73.65,7.88,83,21,1.07,CL,1715222767
109,manismata,-2.4667,111.0333,31.48,60,100,1.62,ID,1715222812
110,hilo,19.7297,-155.09,25.05,82,100,4.12,US,1715222812
111,chifeng,42.2683,118.9636,20.34,19,55,4.07,CN,1715222813
112,broken hill,-31.95,141.4333,17.77,67,100,4.18,AU,1715222813
113,kruisfontein,-34.0033,24.7314,14.94,88,17,1.64,ZA,1715222813
114,fort bragg,35.139,-79.006,22.12,80,0,4.12,US,1715222667
115,shimoda,34.6667,138.95,13.2,81,100,6.31,JP,1715222618
116,flying fish cove,-10.4217,105.6791,27.82,83,100,6.17,CX,1715222783
117,fuyuan,46.4333,127.0833,17.64,13,2,5.83,CN,1715222814
118,ndibene dahra,15.3338,-15.4766,24.74,42,0,4.42,SN,1715222814
119,durres,41.3231,19.4414,17.1,82,100,2.43,AL,1715222814
120,lycksele,64.5954,18.6735,0.93,86,100,1.54,SE,1715222815
121,ilulissat,69.2167,-51.1,-4.99,74,100,2.57,GL,1715222793
122,kingston,17.997,-76.7936,28.53,79,40,2.06,JM,1715222759
123,ormara,25.2088,64.6357,27.38,82,0,2.73,PK,1715222815
124,port mathurin,-19.6833,63.4167,25.55,69,97,10.7,MU,1715222815
125,lianzhou,24.7811,112.3825,22.21,90,100,0.63,CN,1715222815
126,klyuchi,52.2667,79.1667,18.29,45,30,4.76,RU,1715222816
127,arno,60.1167,18.6333,2.66,94,100,1.34,SE,1715222816
128,joao pinheiro,-17.7425,-46.1725,18.4,66,0,2.13,BR,1715222816
129,chegdomyn,51.1167,133.0167,7.84,38,100,6.54,RU,1715222816
130,pangody,65.85,74.4859,-6.75,91,99,4.86,RU,1715222717
131,christchurch,-43.5333,172.6333,10.3,69,20,3.6,NZ,1715222675
132,mo i rana,66.3128,14.1428,2.96,91,75,0.51,NO,1715222817
133,valenca do piaui,-6.4075,-41.7456,23.7,67,95,2.19,BR,1715222817
134,menaka,15.9182,2.4022,35.44,14,91,2.16,ML,1715222817
135,slave lake,55.2834,-114.769,11.99,47,0,4.63,CA,1715222817
136,clarion,41.2148,-79.3853,19.1,92,25,2.2,US,1715222640
137,silute,55.3489,21.4831,4.86,63,100,3.1,LT,1715222817
138,wanganui,-39.9333,175.05,11.14,48,83,6.32,NZ,1715222577
139,whitehorse,60.7161,-135.0538,10.43,38,75,9.26,CA,1715222709
140,arkhipo-osipovka,44.37,38.52,13.13,62,100,2.34,RU,1715222818
141,puerto deseado,-47.7503,-65.8938,4.97,71,23,2.04,AR,1715222701
142,yaren,-0.5472,166.916,29.33,74,99,5.37,NR,1715222818
143,nizhneudinsk,54.9076,99.0276,9.36,43,17,7.93,RU,1715222818
144,tromso,69.6496,18.957,4.01,52,75,5.14,NO,1715222818
145,nikel,69.4128,30.222,-4.9,92,14,1.03,RU,1715222819
146,labrador city,52.9463,-66.9114,0.1,61,0,0.0,CA,1715222819
147,bilibino,68.0546,166.4372,1.86,77,29,0.77,RU,1715222819
148,pasni,25.2631,63.471,27.67,76,0,3.23,PK,1715222819
149,arraial do cabo,-22.9661,-42.0278,24.04,89,5,8.37,BR,1715222550
150,polyarnyy,69.1989,33.4478,-6.08,93,100,1.17,RU,1715222820
151,anadyr,64.75,177.4833,-4.72,67,20,8.0,RU,1715222820
152,mahina,-17.5065,-149.489,28.87,65,75,5.66,PF,1715222717
153,haiku-pauwela,20.9219,-156.3051,26.23,71,20,9.77,US,1715222551
154,kuching,1.55,110.3333,29.12,79,20,1.54,MY,1715222820
155,fort scott,37.8398,-94.7083,21.16,78,0,5.02,US,1715222820
156,kavaratti,10.5669,72.642,29.96,68,100,3.32,IN,1715222575
157,paradip garh,20.3167,86.6167,31.19,63,2,4.69,IN,1715222821
158,izazi,-7.2,35.7333,21.41,70,100,0.87,TZ,1715222821
159,avarua,-21.2078,-159.775,28.03,89,40,4.63,CK,1715222821
160,hawaiian paradise park,19.5933,-154.9731,24.93,81,100,4.12,US,1715222821
161,nebbi,2.4783,31.0889,20.69,92,98,1.69,UG,1715222821
162,touros,-5.1989,-35.4608,25.55,91,34,3.13,BR,1715222822
163,auchi,7.0667,6.2667,24.66,90,100,1.85,NG,1715222822
164,kidal,18.4411,1.4078,31.43,10,3,5.13,ML,1715222822
165,floro,61.5996,5.0328,9.02,87,100,9.26,NO,1715222822
166,srikakulam,18.3,83.9,31.47,63,2,4.3,IN,1715222823
167,saipan,15.1355,145.701,32.39,66,75,6.17,MP,1715222823
168,eagle pass,28.7091,-100.4995,30.71,61,0,4.89,US,1715222823
169,cockington,50.4635,-3.5593,10.68,96,52,0.69,GB,1715222823
170,altay,47.8667,88.1167,18.01,24,0,0.49,CN,1715222823
171,sisimiut,66.9395,-53.6735,-5.64,83,29,3.59,GL,1715222823
172,puerto ayora,-0.7393,-90.3518,24.19,99,100,1.79,EC,1715222824
173,ximeicun,24.9639,118.3794,24.75,55,97,3.5,CN,1715222824
174,luganville,-15.5333,167.1667,25.85,68,90,6.16,VU,1715222824
175,kapa'a,22.0752,-159.319,29.99,85,100,5.14,US,1715222568
176,neryungri,56.6709,124.6491,0.1,86,100,4.81,RU,1715222824
177,iskateley,67.6803,53.1512,-4.99,88,100,7.15,RU,1715222825
178,winchester,51.0651,-1.3187,11.26,93,97,0.51,GB,1715222825
179,bamboo flat,11.7,92.7167,33.05,66,20,3.6,IN,1715222825
180,kachug,53.9606,105.8817,11.77,69,100,6.67,RU,1715222826
181,hilton head island,32.2163,-80.7526,27.06,77,0,3.6,US,1715222826
182,mount pearl,47.5166,-52.7813,4.98,93,75,4.63,CA,1715222826
183,margate,51.3813,1.3862,7.61,93,100,1.24,GB,1715222826
184,new norfolk,-42.7826,147.0587,15.51,74,63,0.96,AU,1715222822
185,trat,12.5,102.5,32.11,62,47,1.06,TH,1715222826
186,geraldton,-28.7667,114.6,29.23,21,100,8.23,AU,1715222671
187,tuy hoa,13.0833,109.3,30.55,67,72,4.27,VN,1715222796
188,sheksna,59.21,38.5107,-3.37,77,100,6.21,RU,1715222827
189,kirovs'k,48.6375,38.6428,6.07,62,86,2.02,UA,1715222806
190,constantia,44.1833,28.65,11.5,82,84,6.68,RO,1715222768
191,al ghayzah,16.2079,52.176,29.54,72,98,0.72,YE,1715222827
192,zhangye,38.9342,100.4517,23.18,20,100,7.17,CN,1715222828
193,tezu,27.9167,96.1667,22.13,88,100,1.19,IN,1715222828
194,mermoz boabab,14.7065,-17.4758,23.31,94,75,3.09,SN,1715222828
195,kroya,-7.6331,109.2461,29.64,70,17,2.07,ID,1715222828
196,codrington,-38.2667,141.9667,18.72,52,60,2.71,AU,1715222829
197,punta arenas,-53.15,-70.9167,4.06,81,75,2.57,CL,1715222529
198,pariaman,-0.619,100.12,32.03,69,19,1.6,ID,1715222763
199,onega,63.9061,38.1404,-1.94,82,100,7.75,RU,1715222829
200,terra nova,-12.3667,-40.6667,18.9,97,0,1.03,BR,1715222829
201,sao joao da barra,-21.6403,-41.0511,24.37,92,16,3.71,BR,1715222829
202,berezovyy,51.6667,135.7,13.02,28,73,8.25,RU,1715222830
203,cabo san lucas,22.8909,-109.9124,26.45,44,20,3.09,MX,1715222830
204,hamilton,39.1834,-84.5333,23.97,78,20,7.2,US,1715222790
205,birao,10.2849,22.7882,26.76,15,100,3.15,CF,1715222830
206,atafu village,-8.5421,-172.5159,29.83,70,100,3.34,TK,1715222831
207,bengkulu,-3.8004,102.2655,29.66,65,21,1.07,ID,1715222831
208,coahuayana de hidalgo,18.7,-103.6583,21.81,89,37,1.01,MX,1715222831
209,nova vicosa,-17.8919,-39.3719,24.45,88,11,1.09,BR,1715222831
210,finote selam,10.7,37.2667,21.4,47,92,0.45,ET,1715222831
211,whakatane,-37.9585,176.9854,14.87,68,100,6.04,NZ,1715222760
212,rifle,39.5347,-107.7831,9.33,43,100,3.09,US,1715222832
213,igarka,67.4667,86.5833,-0.55,99,100,5.81,RU,1715222642
214,corner brook,48.9667,-57.9484,5.09,93,11,0.9,CA,1715222832
215,tralee,52.2704,-9.7026,8.59,93,98,1.91,IE,1715222833
216,ancud,-41.8697,-73.8203,9.76,83,98,5.78,CL,1715222833
217,rajec,49.089,18.6401,7.06,85,0,3.6,SK,1715222833
218,hibbing,47.4272,-92.9377,15.64,57,100,3.6,US,1715222833
219,beau vallon,-20.4189,57.6953,25.13,65,40,7.2,MU,1715222833
220,nyrsko,49.2939,13.1435,6.61,86,19,0.56,CZ,1715222834
221,alaghsas,17.0187,8.0168,31.16,13,82,1.57,NE,1715222586
222,bikenibeu village,1.3673,173.1241,31.98,70,20,3.09,KI,1715222834
223,iwanai,42.9744,140.5089,11.21,56,3,2.59,JP,1715222834
224,lishui,28.4604,119.9103,23.17,62,100,1.82,CN,1715222834
225,fale old settlement,-9.3852,-171.2468,28.9,76,51,2.5,TK,1715222649
226,oriximina,-1.7656,-55.8661,24.68,93,88,1.61,BR,1715222835
227,chibougamau,49.9168,-74.3659,6.79,61,100,4.39,CA,1715222835
228,meadow lake,34.8014,-106.5436,19.71,18,100,3.9,US,1715222835
229,aasiaat,68.7098,-52.8699,-9.17,81,26,3.54,GL,1715222824
230,happy valley-goose bay,53.3168,-60.3315,0.17,80,100,1.54,CA,1715222835
231,utrik,11.2278,169.8474,27.33,76,59,8.79,MH,1715222836
232,russellville,35.2784,-93.1338,27.08,69,100,0.0,US,1715222836
233,college,64.8569,-147.8028,15.18,38,75,4.63,US,1715222775
234,ahuacatlan,21.05,-104.4833,20.26,50,13,1.43,MX,1715222836
235,an nuhud,12.7,28.4333,24.25,15,12,5.28,SD,1715222836
236,east london,-33.0153,27.9116,20.21,84,39,3.65,ZA,1715222837
237,swift current,50.2834,-107.8014,15.45,58,20,3.09,CA,1715222589
238,ambalangoda,6.2355,80.0538,27.37,81,100,1.07,LK,1715222837
239,the pas,53.8251,-101.2541,16.01,36,0,1.54,CA,1715222837
240,vila velha,-20.3297,-40.2925,24.97,95,40,1.54,BR,1715222837
241,tazovsky,67.4667,78.7,-9.54,90,18,2.57,RU,1715222838
242,kalianget,-7.05,113.9333,29.52,69,98,3.87,ID,1715222838
243,kupang,-10.1667,123.5833,34.32,59,20,4.63,ID,1715222838
244,praia,14.9215,-23.5087,23.3,68,0,2.57,CV,1715222839
245,daun,50.2,6.8333,9.47,93,18,3.09,DE,1715222839
246,kone,-21.0595,164.8658,26.84,39,0,6.45,NC,1715222836
247,tabou,4.423,-7.3528,26.88,86,88,2.6,CI,1715222839
248,quang ngai,15.1167,108.8,34.59,37,12,3.73,VN,1715222819
249,hammerfest,70.6634,23.6821,1.25,51,66,4.12,NO,1715222839
250,sarupathar,26.1984,93.8094,29.18,51,71,3.09,IN,1715222840
251,kunszentmarton,46.8392,20.2888,13.18,73,28,3.96,HU,1715222840
252,santa ana,33.7456,-117.8678,21.29,74,0,4.63,US,1715222840
253,celica,-4.1167,-79.95,15.98,97,100,1.38,EC,1715222840
254,kunszentmiklos,47.027,19.1258,14.93,75,33,2.33,HU,1715222840
255,vila franca do campo,37.7167,-25.4333,18.27,99,54,2.72,PT,1715222564
256,sitka,57.0531,-135.33,7.94,76,100,6.17,US,1715222841
257,itarare,-24.1125,-49.3317,18.94,70,3,0.72,BR,1715222841
258,yerofey pavlovich,53.9667,121.9667,12.4,22,9,2.23,RU,1715222582
259,nar'yan-mar,67.6713,53.087,-4.94,88,100,7.15,RU,1715222602
260,papao,-17.75,-149.55,28.82,82,84,8.94,PF,1715222773
261,richards bay,-28.783,32.0377,19.16,91,1,1.85,ZA,1715222841
262,lethem,3.3803,-59.7968,25.86,87,100,2.43,GY,1715222842
263,queenstown,-31.8976,26.8753,11.55,71,11,1.34,ZA,1715222645
264,sergeyevka,53.88,67.4158,16.83,65,100,6.26,KZ,1715222842
265,kokopo,-4.352,152.2633,26.03,92,100,3.83,PG,1715222666
266,port saint john's,-31.6229,29.5448,18.83,87,0,1.99,ZA,1715222842
267,colonia,50.9333,6.95,9.9,89,4,0.51,DE,1715222817
268,hirara,24.8,125.2833,25.15,57,75,6.69,JP,1715222843
269,bor,56.3567,44.0669,0.56,80,100,4.34,RU,1715222843
270,mount isa,-20.7333,139.5,29.87,48,40,5.66,AU,1715222820
271,calvi,42.5,8.8333,8.35,87,0,3.09,FR,1715222843
272,gao,16.6362,1.637,33.35,12,56,3.3,ML,1715222843
273,usinsk,65.9939,57.5281,-0.52,89,100,2.68,RU,1715222843
274,mount gambier,-37.8333,140.7667,19.77,38,15,1.61,AU,1715222844
275,kodinsk,58.6881,99.1844,5.24,91,100,4.37,RU,1715222844
276,wesley,15.5667,-61.3167,26.86,83,100,3.6,DM,1715222845
277,guanhaes,-18.775,-42.9325,16.56,94,13,1.4,BR,1715222845
278,peniche,39.3558,-9.3811,21.17,52,100,2.89,PT,1715222845
279,praya,14.9215,-23.5087,23.3,68,0,2.57,CV,1715222839
280,tolanaro,-25.0319,46.9987,24.04,83,40,2.06,MG,1715222711
281,karratha,-20.7377,116.8463,28.31,27,6,9.29,AU,1715222595
282,ujae,8.9322,165.7642,27.55,83,71,9.76,MH,1715222846
283,keelung,25.1283,121.7419,25.61,40,100,5.8,TW,1715222846
284,ambovombe,-25.1667,46.0833,19.31,87,0,1.84,MG,1715222846
285,stelle,53.3842,10.1114,6.95,93,25,0.2,DE,1715222846
286,kavali,14.9167,79.9833,32.16,60,62,5.16,IN,1715222846
287,dwarka,22.2394,68.9678,28.12,78,0,4.82,IN,1715222846
288,peace river,56.2501,-117.286,16.17,29,75,11.32,CA,1715222847
289,pesqueira,-8.3578,-36.6964,18.8,97,39,1.58,BR,1715222847
290,ola,59.5833,151.2833,3.41,77,68,1.02,RU,1715222847
291,midvagur,62.0511,-7.1939,5.46,81,20,6.17,FO,1715222847
292,remire-montjoly,4.9167,-52.2667,25.02,100,100,0.0,GF,1715222566
293,talara,-4.5772,-81.2719,20.42,88,20,5.66,PE,1715222848
294,santa elena de uairen,4.6167,-61.1333,20.07,96,96,1.58,VE,1715222848
295,lisala,2.15,21.5167,21.53,99,81,1.1,CD,1715222610
296,dosso,13.049,3.1937,33.43,31,77,3.71,NE,1715222848
297,tokar,18.4254,37.729,25.41,69,0,3.42,SD,1715222848
298,kaka,37.3482,59.6143,18.27,62,100,8.15,TM,1715222848
299,saint croix,17.7397,-64.7388,25.53,89,40,2.24,VI,1715222635
300,hyesan-dong,41.3976,128.1787,18.61,42,43,5.13,KP,1715222849
301,hasaki,35.7333,140.8333,14.22,76,100,11.3,JP,1715222849
302,campillos,37.0483,-4.8631,11.08,71,19,4.37,ES,1715222849
303,fauske,67.2588,15.3918,4.97,78,100,3.12,NO,1715222631
304,georgetown,5.4112,100.3354,32.96,70,20,1.54,MY,1715222849
305,manokwari,-0.8667,134.0833,27.18,85,97,0.7,ID,1715222850
306,tarapur,19.85,72.7,28.69,71,14,3.29,IN,1715222850
307,i-n-salah,27.1935,2.4607,25.66,12,100,7.88,DZ,1715222850
308,siwa oasis,29.2041,25.5195,22.26,19,0,5.52,EG,1715222850
309,duong dong,10.2167,103.9667,30.0,79,40,4.63,VN,1715222850
310,battambang,13.1027,103.1982,34.39,51,49,1.44,KH,1715222851
311,susuman,62.7833,148.1667,2.21,68,56,0.45,RU,1715222851
312,lucea,18.451,-78.1736,27.92,84,52,4.34,JM,1715222851
313,sompeta,18.9333,84.6,31.1,65,0,4.33,IN,1715222851
314,mar del plata,-38.0023,-57.5575,10.05,69,0,6.69,AR,1715222851
315,san sebastian de la gomera,28.0916,-17.1133,21.32,94,75,5.14,ES,1715222851
316,huehuetenango,15.3197,-91.4708,21.52,41,99,0.76,GT,1715222852
317,st. john's,47.5649,-52.7093,4.96,94,75,4.63,CA,1715222615
318,port alfred,-33.5906,26.891,16.77,99,64,1.85,ZA,1715222828
319,ca mau,9.1769,105.15,34.16,50,79,6.19,VN,1715222852
320,vyazemskiy,47.5378,134.7525,15.8,31,70,7.04,RU,1715222852
321,puerto san jose,13.9256,-90.8244,29.73,69,100,3.67,GT,1715222852
322,souillac,-20.5167,57.5167,25.21,65,40,7.2,MU,1715222777
323,ulsteinvik,62.3432,5.8487,12.4,81,100,4.47,NO,1715222853
324,korla,41.7597,86.1469,24.84,26,37,9.99,CN,1715222853
325,keflavik,64.0049,-22.5624,2.95,75,20,1.03,IS,1715222853
326,benguela,-12.5763,13.4055,25.33,73,96,1.06,AO,1715222666
327,chester,40.1254,-75.8749,22.56,64,0,3.6,US,1715222854
328,hobyo,5.3505,48.5268,28.72,79,9,4.72,SO,1715222854
329,belmonte,-15.8631,-38.8828,24.42,88,46,1.78,BR,1715222854
330,kailua-kona,19.6406,-155.9956,27.98,74,40,4.63,US,1715222658
331,mitu,1.1983,-70.1733,23.55,99,100,0.56,CO,1715222606
332,ambodifotatra,-16.9833,49.85,26.37,67,21,8.96,MG,1715222855
333,isangel,-19.55,169.2667,26.06,50,75,3.6,VU,1715222855
334,kristiansund,63.1115,7.732,8.36,81,100,1.54,NO,1715222855
335,heilbron,-27.2812,27.9709,11.35,45,0,3.53,ZA,1715222855
336,bonthe,7.5264,-12.505,27.15,85,100,2.19,SL,1715222730
337,rosarito,32.3333,-117.0333,17.52,80,7,2.5,MX,1715222702
338,hakui,36.8833,136.7833,15.14,45,27,5.12,JP,1715222856
339,ribeirao bonito,-22.0667,-48.1761,19.55,54,2,0.89,BR,1715222856
340,kirensk,57.7853,108.1119,12.76,46,100,2.68,RU,1715222856
341,kalmunai,7.4167,81.8167,30.17,67,100,0.78,LK,1715222856
342,dickinson,29.4608,-95.0513,27.21,88,40,3.09,US,1715222856
343,tsiombe,-25.3,45.4833,18.95,87,0,2.15,MG,1715222856
344,bayanhongor,46.7167,100.1167,11.11,33,37,3.14,MN,1715222857
345,karatau,43.1667,70.4667,26.88,36,8,1.2,KZ,1715222857
346,dzilam gonzalez,21.2833,-88.9333,29.17,67,79,4.29,MX,1715222857
347,yakeshi,49.2833,120.7333,17.2,16,97,4.49,CN,1715222857
348,tempoal de sanchez,21.5167,-98.3833,32.25,43,100,5.18,MX,1715222857
349,tshabong,-26.05,22.45,19.26,35,0,5.3,BW,1715222858
350,al bayda',32.7627,21.7551,13.72,61,94,8.66,LY,1715222858
351,kourou,5.1552,-52.6478,25.03,89,59,3.54,GF,1715222826
352,nagqu,31.5,92.0,6.14,40,100,4.96,CN,1715222858
353,gokceada,40.2011,25.909,14.6,89,100,8.16,TR,1715222858
354,praia da vitoria,38.7333,-27.0667,16.14,94,20,4.85,PT,1715222655
355,great falls,47.5002,-111.3008,6.25,81,100,3.09,US,1715222859
356,kerikeri,-35.2268,173.9474,17.22,48,60,2.59,NZ,1715222859
357,boise,43.6135,-116.2035,14.45,52,6,2.24,US,1715222502
358,nobres,-14.7203,-56.3275,24.85,65,29,1.71,BR,1715222859
359,vernon,50.2581,-119.2691,20.74,21,5,1.03,CA,1715222785
360,namie,37.4833,141.0,14.75,84,100,2.44,JP,1715222859
361,fisterra,42.9049,-9.2629,12.08,75,100,2.42,ES,1715222851
362,merizo village,13.2658,144.6691,31.85,88,100,6.13,GU,1715222860
363,tarauaca,-8.1614,-70.7656,23.62,98,100,0.43,BR,1715222860
364,espinosa,-14.9261,-42.8192,17.97,75,0,2.23,BR,1715222860
365,tikrit,34.6071,43.6782,20.8,41,0,1.97,IQ,1715222860
366,lospalos,-8.5186,127.0025,26.95,67,17,5.06,TL,1715222861
367,amga,60.8953,131.9608,6.6,42,100,4.49,RU,1715222861
368,bodo,67.28,14.405,4.97,72,0,6.17,NO,1715222861
369,island harbour,50.724,-1.2758,9.56,25,99,1.76,GB,1715222861
370,borger,52.9233,6.7931,9.32,93,28,1.31,NL,1715222861
371,piat,17.7905,121.478,34.47,46,99,2.02,PH,1715222862
372,saynshand,44.8824,110.1163,21.11,18,98,5.48,MN,1715222851
373,shahr-e babak,30.1165,55.1186,14.78,25,0,2.81,IR,1715222862
374,ta`u,-14.2336,-169.5144,29.17,77,98,6.64,AS,1715222862
375,jiexiu,37.0244,111.9125,26.48,38,0,2.56,CN,1715222862
376,klaksvik,62.2266,-6.589,5.51,80,100,7.4,FO,1715222863
377,labytnangi,66.6572,66.4183,-5.9,91,100,9.94,RU,1715222645
378,ust-tsilma,65.441,52.1498,-0.22,88,100,4.02,RU,1715222863
379,port lincoln,-34.7333,135.8667,17.28,66,6,4.82,AU,1715222863
380,zheleznodorozhnyy,55.7503,38.0042,-0.56,66,23,4.92,RU,1715222863
381,yambio,4.5721,28.3955,23.12,69,91,0.98,SS,1715222863
382,la passe,45.5549,-0.8967,12.13,91,32,4.84,FR,1715222854
383,vuktyl,63.8567,57.3094,-0.5,85,100,1.79,RU,1715222681
384,weno,7.4515,151.8468,24.97,100,100,3.6,FM,1715222850
385,egilsstadir,65.2653,-14.3948,-1.05,93,20,2.06,IS,1715222864
386,yartsevo,55.0667,32.6964,-3.23,63,0,3.0,RU,1715222864
387,koryazhma,61.3143,47.1691,-3.94,89,100,6.16,RU,1715222865
388,envira,-7.3,-70.2167,23.81,96,100,0.63,BR,1715222865
389,alofi,-19.0595,-169.9187,23.94,94,100,4.63,NU,1715222865
390,thinadhoo,0.5333,72.9333,28.71,75,100,6.13,MV,1715222865
391,yumbe,3.4651,31.2469,19.62,97,61,2.53,UG,1715222865
392,port macquarie,-31.4333,152.9167,19.38,60,87,4.09,AU,1715222599
393,torghay,49.6339,63.4981,17.55,57,3,8.86,KZ,1715222866
394,arteche,12.2645,125.4048,29.98,69,100,2.9,PH,1715222866
395,kismayo,-0.3582,42.5454,25.77,90,88,4.68,SO,1715222866
396,uliastay,47.7417,96.8444,9.97,52,100,2.95,MN,1715222866
397,pacocha,-17.5833,-71.3333,18.16,87,82,1.25,PE,1715222866
398,majagual,8.5389,-74.6204,25.09,97,100,0.75,CO,1715222867
399,alenquer,-1.9417,-54.7383,24.07,96,67,1.47,BR,1715222867
400,thulamahashi,-24.7246,31.1994,15.07,76,0,1.05,ZA,1715222867
401,shenjiamen,29.9576,122.298,17.16,64,100,3.28,CN,1715222867
402,san julian,21.0167,-102.1667,25.0,14,91,3.04,MX,1715222856
403,balboa,2.0396,-77.2168,15.68,96,100,1.02,CO,1715222868
404,port-gentil,-0.7193,8.7815,27.33,87,100,3.95,GA,1715222868
405,voi,-3.3945,38.563,22.67,78,99,2.83,KE,1715222868
406,mili,6.0815,171.735,28.37,80,35,6.26,MH,1715222868
407,esqueda,30.7167,-109.5833,19.07,24,0,7.35,MX,1715222868
408,enewetak,11.3474,162.3373,27.65,74,46,8.25,MH,1715222868
409,kharp,66.8014,65.8081,-6.27,90,100,8.87,RU,1715222869
410,alice,27.7523,-98.0697,28.69,89,100,4.63,US,1715222869
411,mata-utu,-13.2816,-176.1745,29.43,76,100,6.17,WF,1715222638
412,iskushuban,10.2837,50.23,27.1,75,86,3.1,SO,1715222869
413,yuzhno-kurilsk,44.0306,145.8556,2.99,95,95,4.13,RU,1715222618
414,padang,-0.9492,100.3543,32.03,68,22,1.87,ID,1715222870
415,al bardiyah,31.7561,25.0865,17.78,69,53,5.89,LY,1715222870
416,tosontsengel,48.7567,98.2839,11.46,47,99,5.79,MN,1715222870
417,kuta,-8.7233,115.1723,28.97,83,40,6.26,ID,1715222870
418,ouro preto do oeste,-10.7481,-62.2158,23.81,90,6,1.28,BR,1715222871
419,kapoeta,4.7717,33.5903,27.0,62,96,9.52,SS,1715222871
420,santa rosalia,27.3167,-112.2833,21.59,41,0,1.1,MX,1715222871
421,la asuncion,11.0333,-63.8628,26.41,89,56,5.94,VE,1715222871
422,amboasary,-25.0333,46.3833,19.35,91,0,1.58,MG,1715222871
423,gwadar,25.1216,62.3254,28.46,71,0,2.31,PK,1715222871
424,dolores,-36.3132,-57.6792,7.64,55,0,5.16,AR,1715222872
425,toliara,-23.35,43.6667,21.47,70,0,3.95,MG,1715222617
426,loma de cabrera,19.4333,-71.6,22.81,97,91,0.72,DO,1715222872
427,nuevo imperial,-13.0754,-76.3172,18.37,94,79,2.97,PE,1715222872
428,cromwell,41.5951,-72.6454,19.15,79,0,3.09,US,1715222872
429,hechuan,29.9947,106.2572,23.27,78,100,0.3,CN,1715222873
430,bereznik,62.8551,42.7072,-2.45,86,100,5.66,RU,1715222832
431,pundong,-7.9522,110.3486,29.61,69,57,2.72,ID,1715222873
432,newman,37.3138,-121.0208,26.13,33,0,4.92,US,1715222873
433,skovorodino,53.9833,123.9167,10.79,25,5,4.86,RU,1715222873
434,velyka lepetykha,47.1757,33.9436,10.97,57,100,3.65,UA,1715222873
435,achikulak,44.5517,44.8378,13.09,81,98,1.77,RU,1715222874
436,cruzeiro do sul,-29.5128,-51.9853,21.16,84,19,2.25,BR,1715222874
437,suar,29.0333,79.05,26.18,47,10,4.93,IN,1715222874
438,patterson,37.4716,-121.1297,25.86,31,0,5.95,US,1715222723
439,dikhil,11.5,42.1667,26.74,67,40,1.6,DJ,1715222874
440,holualoa,19.6228,-155.9522,25.91,75,40,4.63,US,1715222874
441,xichang,27.8964,102.2634,18.79,70,100,1.79,CN,1715222875
442,florence,43.7667,11.25,17.05,72,0,1.54,IT,1715222717
443,kosong,38.3788,128.4676,22.27,41,85,6.05,KR,1715222875
444,illizi,26.4833,8.4667,22.89,35,3,2.68,DZ,1715222875
445,poltavka,54.3663,71.7632,16.92,47,100,10.58,RU,1715222875
446,dudinka,69.4058,86.1778,-10.74,94,90,3.13,RU,1715222876
447,nakhchivan,39.2089,45.4122,7.82,93,40,2.06,AZ,1715222876
448,al hamul,31.3115,31.1477,16.37,76,0,3.07,EG,1715222876
449,carbonear,47.7332,-53.2148,5.69,90,79,2.86,CA,1715222876
450,nevel'sk,46.6733,141.8633,6.07,65,25,7.75,RU,1715222876
451,nuuk,64.1835,-51.7216,3.34,44,20,5.14,GL,1715222818
452,raseiniai,55.3736,23.1217,3.65,64,99,1.56,LT,1715222877
453,prince george,53.9166,-122.753,17.69,23,0,5.66,CA,1715222741
454,tawau,4.2498,117.8871,31.07,83,24,0.64,MY,1715222877
455,bantogon,6.5333,124.0333,29.22,73,18,2.49,PH,1715222877
456,howrah,22.5892,88.3103,28.0,89,75,3.09,IN,1715222866
457,darwin,-12.4611,130.8418,32.72,54,20,4.63,AU,1715222062
458,axim,4.8699,-2.2405,27.41,85,100,1.97,GH,1715222628
459,chota,-6.55,-78.65,13.3,93,93,1.76,PE,1715222878
460,howard springs,-12.497,131.047,31.95,68,67,3.36,AU,1715222878
461,la sarre,48.8002,-79.1996,6.61,67,98,4.56,CA,1715222825
462,petropavlovka,50.6114,105.3196,17.19,31,98,2.59,RU,1715222878
463,rio grande,-32.035,-52.0986,17.06,79,50,6.81,BR,1715222878
464,port douglas,-16.4833,145.4667,26.14,71,74,7.33,AU,1715222879
465,zhezqazghan,47.7833,67.7667,17.32,77,75,4.0,KZ,1715222879
466,saudarkrokur,65.7461,-19.6394,2.4,71,10,3.37,IS,1715222879
467,saint-philippe,-21.3585,55.7679,23.77,77,56,7.41,RE,1715222608
468,temerluh,3.4506,102.4176,31.1,84,57,0.45,MY,1715222879
469,shahrud,36.4182,54.9763,12.65,60,91,7.26,IR,1715222880
470,trujillo,-8.116,-79.03,17.98,94,75,3.09,PE,1715222880
471,foix,42.8333,1.5833,8.62,93,18,3.11,FR,1715222881
472,zhaqsy,51.9083,67.3133,16.79,68,62,7.18,KZ,1715222881
473,chardara,41.2547,67.9692,25.29,41,91,6.22,KZ,1715222881
474,williams lake,52.1415,-122.1445,18.76,27,75,2.06,CA,1715222881
475,saint-joseph,-21.3667,55.6167,23.21,76,34,7.17,RE,1715222881
476,crane,31.3974,-102.3501,27.2,14,0,2.84,US,1715222594
477,saint-francois,46.4154,3.9054,6.9,100,100,1.03,FR,1715222882
478,taksimo,56.3444,114.8794,10.43,38,94,1.27,RU,1715222882
479,pumiao,22.75,108.4833,24.22,96,100,3.09,CN,1715222882
480,lumding railway colony,25.749,93.17,30.78,45,18,1.02,IN,1715222882
481,shuangjiang,26.1547,109.7138,17.07,94,100,0.67,CN,1715222883
482,puerto armuelles,8.2833,-82.8667,27.83,69,100,3.58,PA,1715222762
483,mutsu,41.2894,141.2169,10.07,65,99,1.22,JP,1715222883
484,undurkhaan,47.3194,110.6556,16.95,16,100,4.19,MN,1715222883
485,wellington,-41.2866,174.7756,10.81,49,20,11.32,NZ,1715222595
486,kralendijk,12.15,-68.2667,28.99,79,20,7.2,BQ,1715222883
487,shelby,35.2001,-89.8668,27.39,81,29,0.89,US,1715222884
488,vanino,49.0869,140.2543,17.18,51,77,4.73,RU,1715222884
489,jayapura,-2.5333,140.7,25.66,89,100,0.63,ID,1715222884
490,nueva gerona,21.8833,-82.8,26.79,78,16,2.35,CU,1715222884
491,port moresby,-9.4431,147.1797,27.68,83,75,1.54,PG,1715222704
492,shaoxing,30.011,120.5715,22.97,37,99,2.11,CN,1715222884
493,grand gaube,-20.0064,57.6608,25.22,73,100,2.68,MU,1715222885
494,vilyuysk,63.7553,121.6247,-3.89,95,100,4.02,RU,1715222626
495,shimanovsk,52.0,127.7,11.67,24,0,8.22,RU,1715222885
496,igbeti,8.75,4.1333,25.35,84,99,3.6,NG,1715222885
497,pacasmayo,-7.4006,-79.5714,19.55,84,70,4.53,PE,1715222885
498,itaituba,-4.2761,-55.9836,23.83,91,100,0.46,BR,1715222886
499,motueka,-41.1333,173.0167,11.43,38,0,1.76,NZ,1715222886
500,las khorey,11.1595,48.1967,30.62,75,88,2.74,SO,1715222886
501,hanceville,34.0607,-86.7675,26.95,96,10,1.72,US,1715222886
502,dalnerechensk,45.9339,133.7225,15.49,39,89,5.39,RU,1715222886
503,nikolayevsk-on-amure,53.1406,140.73,14.56,39,100,3.58,RU,1715222883
504,bandar-e genaveh,29.5791,50.517,24.67,37,0,5.51,IR,1715222887
505,salvador,13.8333,-88.9167,25.58,87,100,1.66,SV,1715222887
506,riviere-du-loup,47.8304,-69.5342,5.15,81,99,3.6,CA,1715222887
507,dalbandin,28.8947,64.4101,31.44,18,0,4.06,PK,1715222888
508,vadso,70.0744,29.7487,-4.51,86,40,1.54,NO,1715222826
509,saint-louis,16.3333,-15.0,28.78,22,24,4.46,SN,1715222888
510,minas de marcona,-15.2119,-75.1103,13.99,91,91,4.81,PE,1715222888
511,celestun,20.8667,-90.4,28.7,70,100,3.11,MX,1715222610
512,fort st. john,56.2499,-120.8529,13.94,24,75,8.23,CA,1715222771
513,inhambane,-23.865,35.3833,19.42,84,0,1.84,MZ,1715222888
514,bhag,29.0415,67.8239,35.87,13,0,0.71,PK,1715222889
515,tucuma,-0.1833,-50.05,25.36,92,100,2.57,BR,1715222889
516,marsh harbour,26.5412,-77.0636,24.41,75,0,5.43,BS,1715222889
517,meadow lakes,61.6247,-149.6011,10.4,62,100,3.09,US,1715222889
518,san andres,12.5847,-81.7006,29.01,84,20,3.6,CO,1715222881
519,ribeira brava,32.65,-17.0667,20.4,62,69,0.38,PT,1715222870
520,villa gesell,-37.2639,-56.973,6.7,64,10,10.05,AR,1715222890
521,aromashevo,56.8602,68.6375,13.83,57,100,7.66,RU,1715222890
522,ati,13.2154,18.3353,29.56,15,13,4.03,TD,1715222890
523,guixi,28.2886,117.2133,23.15,65,100,4.03,CN,1715222890
524,laguna,38.421,-121.4238,25.99,20,0,11.32,US,1715222858
525,cangucu,-31.395,-52.6756,14.56,87,63,3.84,BR,1715222891
526,pandan,14.0453,124.1694,30.9,64,95,4.94,PH,1715222891
527,karukh,34.4811,62.5863,16.1,77,92,7.16,AF,1715222891
528,arrifes,37.7667,-25.7,17.18,82,20,2.57,PT,1715222891
529,coron,11.9986,120.2043,32.54,56,86,4.42,PH,1715222891
530,pointe-noire,-4.7761,11.8635,26.16,88,100,2.77,CG,1715222861
531,rosario del tala,-32.3029,-59.1455,6.89,69,0,3.05,AR,1715222892
532,al kharijah,25.4514,30.5464,21.61,14,100,2.41,EG,1715222892
533,thunder bay,48.4001,-89.3168,9.99,50,20,1.03,CA,1715222892
534,guerrero negro,27.9769,-114.0611,15.57,81,0,6.84,MX,1715222892
535,miquelon,47.0975,-56.3814,4.0,91,77,4.03,PM,1715222892
536,portland,45.5234,-122.6762,19.97,46,20,5.14,US,1715222377
537,khandyga,62.6667,135.6,5.17,71,100,3.2,RU,1715222893
538,greymouth,-42.4667,171.2,11.25,41,0,2.66,NZ,1715222893
539,liberia,6.5,-9.5,23.57,99,78,0.82,LR,1715222893
540,los palacios,22.5872,-83.2486,24.5,90,4,1.04,CU,1715222893
541,courtenay,49.6866,-124.9936,19.58,42,20,4.12,CA,1715222751
542,great sankey,53.3923,-2.6399,12.37,86,74,1.54,GB,1715222894
543,krasnoarmeyskoye,52.7182,50.0322,3.76,67,0,3.6,RU,1715222894
544,alpena,45.0617,-83.4327,11.17,97,0,0.0,US,1715222871
545,kaga bandoro,6.9896,19.1874,23.2,78,95,1.47,CF,1715222894
546,dakhla,23.6848,-15.958,18.03,92,96,6.43,EH,1715222894
547,dryden,49.7833,-92.7503,11.16,50,0,3.09,CA,1715222723
548,santa lucia,27.9117,-15.5407,15.98,83,20,6.17,ES,1715222895
549,verkhnyaya sinyachikha,57.976,61.6673,5.65,91,100,5.28,RU,1715222895
550,vorkuta,67.5,64.0,-6.05,85,100,6.71,RU,1715222895
551,suntar,62.1444,117.6319,3.02,56,99,3.57,RU,1715222599
552,lamu,-2.2717,40.902,25.94,87,100,6.84,KE,1715222599
553,makumbako,-8.85,34.8333,13.33,90,67,4.35,TZ,1715222896
554,awjilah,29.1081,21.2869,23.24,27,0,4.41,LY,1715222896
555,antofagasta,-23.65,-70.4,15.6,86,95,3.43,CL,1715222896
556,hovd,48.0056,91.6419,13.51,34,6,3.16,MN,1715222896
557,nogliki,51.8333,143.1667,9.63,47,19,4.92,RU,1715222849
558,rovnoye,50.7765,46.0509,6.82,60,7,5.94,RU,1715222896
559,vredendal,-31.6683,18.5012,13.46,67,0,1.06,ZA,1715222897
560,sengiley,53.9622,48.7944,2.04,78,25,3.42,RU,1715222897
561,namibe,-15.1961,12.1522,23.34,66,8,3.18,AO,1715222897
562,lobujya,27.95,86.8167,-4.45,87,62,1.05,NP,1715222897
563,ghat,24.9647,10.1728,24.67,20,0,4.8,LY,1715222897
564,plastun,44.7561,136.2939,15.95,45,83,0.93,RU,1715222898
